# Host: localhost  (Version: 5.5.53)
# Date: 2019-06-11 21:42:28
# Generator: MySQL-Front 5.3  (Build 4.234)

/*!40101 SET NAMES utf8 */;

#
# Structure for table "food"
#

DROP TABLE IF EXISTS `food`;
CREATE TABLE `food` (
  `id` int(11) unsigned NOT NULL AUTO_INCREMENT,
  `cat_id` int(11) NOT NULL DEFAULT '0' COMMENT '分类id',
  `name` varchar(100) NOT NULL DEFAULT '' COMMENT '书籍名称',
  `price` decimal(10,2) NOT NULL DEFAULT '0.00' COMMENT '售卖金额',
  `signal_price` decimal(10,2) NOT NULL,
  `active_price` decimal(10,2) NOT NULL DEFAULT '0.00' COMMENT '真实价格',
  `main_image` varchar(100) NOT NULL DEFAULT '' COMMENT '主图',
  `study_content` varchar(5500) DEFAULT NULL COMMENT '学习内容',
  `summary` varchar(10000) DEFAULT '' COMMENT '描述',
  `stock` int(11) NOT NULL DEFAULT '0' COMMENT '库存量',
  `tags` varchar(200) NOT NULL DEFAULT '' COMMENT 'tag关键字，以","连接',
  `status` tinyint(1) NOT NULL DEFAULT '1' COMMENT '状态 1：有效 0：无效',
  `month_count` int(11) NOT NULL DEFAULT '0' COMMENT '月销售数量',
  `total_count` int(11) NOT NULL DEFAULT '0' COMMENT '总销售量',
  `view_count` int(11) NOT NULL DEFAULT '0' COMMENT '总浏览次数',
  `comment_count` int(11) NOT NULL DEFAULT '0' COMMENT '总评论量',
  `end_time` date NOT NULL,
  `start_time` date NOT NULL,
  `updated_time` timestamp NOT NULL DEFAULT CURRENT_TIMESTAMP ON UPDATE CURRENT_TIMESTAMP COMMENT '最后一次更新时间',
  `created_time` timestamp NOT NULL DEFAULT '0000-00-00 00:00:00' COMMENT '插入时间',
  PRIMARY KEY (`id`)
) ENGINE=InnoDB AUTO_INCREMENT=97 DEFAULT CHARSET=utf8mb4 COMMENT='课程表';

#
# Data for table "food"
#

INSERT INTO `food` VALUES (37,10,'吉他3',1000.00,0.00,1000.00,'20190426/d66ff378ab76498da33ea036c78f6aa8.jpg','','<p><span style=\"color: rgb(0, 0, 0); font-family: &quot;Microsoft YaHei&quot;, 微软雅黑, STHeiti, &quot;WenQuanYi Micro Hei&quot;, SimSun, sans-serif; font-size: 14px; font-style: normal; font-variant-ligatures: normal; font-variant-caps: normal; font-weight: 400; letter-spacing: normal; orphans: 2; text-align: justify; text-indent: 28px; text-transform: none; widows: 2; word-spacing: 0px; -webkit-text-stroke-width: 0px; text-decoration-style: initial; text-decoration-color: initial; display: inline !important; float: none;\">吉他的曲调规律，让人感觉很理性，但是理性的同时又有种感性的冲动。无论何时，音乐都能让人平静，音乐的魅力在于百听不厌，让人心情舒畅，而且还可以缓解压力。上海爱乐吉他培训基地，为上海热爱吉他的朋友在音乐的世界里自由的畅想，因为我们给学员最灵活的时间和地点，为成都的音乐爱好者提供专业的教学服务平台，吉他培训科目：民谣吉他、电吉他、古典吉他、尤克里里培训，我中心常年开设少儿吉他基础班、成人兴趣小班、吉他VIP特色班，二十四教学区自由选择，我们主张：先试学满意再报名一对一愉快教学！让爱好音乐的你更开心的玩音乐~~~</span></p>',20,'厉害了',1,0,0,0,0,'0000-00-00','1901-01-27','2019-06-10 11:36:20','2019-04-26 20:50:13'),(38,10,'吉他初级班',1000.00,0.00,998.00,'20190610/e61b3f29fe3c484e9de7cd57cf4390bb.jpg','','<p style=\"padding: 0px; margin-top: 0px; margin-bottom: 10px; list-style-type: none; font-size: 14px; line-height: 1.5; text-align: justify; text-indent: 2em; font-family: &quot;Microsoft YaHei&quot;, 微软雅黑, STHeiti, &quot;WenQuanYi Micro Hei&quot;, SimSun, sans-serif; white-space: normal;\"><span style=\"font-family: &quot;arial black&quot;, &quot;avant garde&quot;;\">吉他培训课程介绍-爱乐吉他培训工作室努力为客户实现上海少儿吉他培训学校有效的解决方案，欢迎您访问网站，更多了解徐汇区少儿吉他培训学校相关主题,了解徐汇区少儿吉他培训学校机能连续提升推进技能进展。优秀</span></p><p><br/></p>',36,'风趣幽默,老师讲的不错',1,0,0,0,0,'0000-00-00','2019-06-07','2019-06-10 11:44:25','2019-06-10 11:44:25'),(39,11,'钢琴初级班',2000.00,0.00,1200.00,'20190610/1febebed188049e6a5b1d8d24f4a2d56.jpg','','<p><span style=\"color: rgb(51, 51, 51); font-size: 14px; text-indent: 28px; background-color: rgb(255, 255, 255); font-family: &quot;arial black&quot;, &quot;avant garde&quot;;\">《钢琴基础教程》是教育部组织编写的高等师范院校音乐专业钢琴基础课与选修课试用教材,本书是其中的一册,对一些作品的体裁特点、作者的生平与创作特征以及弹奏方面的教学要求等,作了简明扼要的注释。希望从钢琴教学的初级阶段开始,就将音乐理论的基本知识和对音乐形象的理解力、表现力以及钢琴弹奏技巧这三方面的教学紧密地结合起来,使学生的音乐素质和专业水平得到充实的、全面的提高与发展。</span></p>',120,'优雅',1,0,0,0,0,'0000-00-00','2019-06-26','2019-06-10 15:37:48','2019-06-10 11:47:46'),(40,11,'钢琴高级班',1000.00,0.00,998.00,'20190610/978ff9707b564160bfdfc3c6b0aa54fc.jpg','','<h1 style=\"font-size: 32px; font-weight: bold; border-bottom: 2px solid rgb(204, 204, 204); padding: 0px 4px 0px 0px; text-align: center; margin: 0px 0px 20px;\" label=\"标题居中\"><span style=\"font-size: 20px; font-family: arial black,avant garde;\">钢琴很棒韩浩</span><br/></h1><p><br/></p>',200,'很棒,nice',1,0,0,0,0,'0000-00-00','2019-06-23','2019-06-10 17:42:06','2019-06-10 12:02:00'),(41,10,'吉他高级课程',1888.00,0.00,899.00,'20190610/a172e0510dfa421a93f740a074447ca5.jpg','','<p>这个课真的是很nice,很好，很有意思<br/></p>',256,'幽默,风趣',1,0,0,0,0,'0000-00-00','2019-06-28','2019-06-10 16:42:56','2019-06-10 16:42:56'),(42,10,'吉他高级课程',1888.00,0.00,899.00,'20190610/a172e0510dfa421a93f740a074447ca5.jpg','','<p>这个课真的是很nice,很好，很有意思<br/></p>',256,'幽默,风趣',1,0,0,0,0,'0000-00-00','2019-06-28','2019-06-10 16:43:16','2019-06-10 16:43:16'),(43,10,'吉他高级课程',1888.00,0.00,899.00,'20190610/a172e0510dfa421a93f740a074447ca5.jpg','','<p>这个课真的是很nice,很好，很有意思<br/></p>',256,'幽默,风趣',1,0,0,0,0,'0000-00-00','2019-06-28','2019-06-10 16:43:16','2019-06-10 16:43:16'),(44,10,'吉他高级课程',1888.00,0.00,899.00,'20190610/a172e0510dfa421a93f740a074447ca5.jpg','','<p>这个课真的是很nice,很好，很有意思<br/></p>',256,'幽默,风趣',1,0,0,0,0,'0000-00-00','2019-06-28','2019-06-10 16:43:16','2019-06-10 16:43:16'),(45,10,'吉他高级课程',1888.00,0.00,899.00,'20190610/a172e0510dfa421a93f740a074447ca5.jpg','','<p>这个课真的是很nice,很好，很有意思<br/></p>',256,'幽默,风趣',1,0,0,0,0,'0000-00-00','2019-06-28','2019-06-10 16:43:17','2019-06-10 16:43:17'),(46,10,'吉他高级课程',1888.00,0.00,899.00,'20190610/a172e0510dfa421a93f740a074447ca5.jpg','','<p>这个课真的是很nice,很好，很有意思<br/></p>',256,'幽默,风趣',1,0,0,0,0,'0000-00-00','2019-06-28','2019-06-10 16:43:17','2019-06-10 16:43:17'),(47,10,'吉他高级课程',1888.00,0.00,899.00,'20190610/a172e0510dfa421a93f740a074447ca5.jpg','','<p>这个课真的是很nice,很好，很有意思<br/></p>',256,'幽默,风趣',1,0,0,0,0,'0000-00-00','2019-06-28','2019-06-10 16:43:18','2019-06-10 16:43:18'),(48,10,'吉他高级课程',1888.00,0.00,899.00,'20190610/a172e0510dfa421a93f740a074447ca5.jpg','','<p>这个课真的是很nice,很好，很有意思<br/></p>',256,'幽默,风趣',1,0,0,0,0,'0000-00-00','2019-06-28','2019-06-10 16:43:18','2019-06-10 16:43:18'),(49,10,'吉他高级课程',1888.00,0.00,899.00,'20190610/a172e0510dfa421a93f740a074447ca5.jpg','','<p>这个课真的是很nice,很好，很有意思<br/></p>',256,'幽默,风趣',1,0,0,0,0,'0000-00-00','2019-06-28','2019-06-10 16:43:26','2019-06-10 16:43:26'),(50,10,'吉他高级课程',1888.00,0.00,899.00,'20190610/a172e0510dfa421a93f740a074447ca5.jpg','','<p>这个课真的是很nice,很好，很有意思<br/></p>',256,'幽默,风趣',1,0,0,0,0,'0000-00-00','2019-06-28','2019-06-10 16:43:26','2019-06-10 16:43:26'),(51,10,'吉他高级课程',1888.00,0.00,899.00,'20190610/a172e0510dfa421a93f740a074447ca5.jpg','','<p>这个课真的是很nice,很好，很有意思<br/></p>',256,'幽默,风趣',1,0,0,0,0,'0000-00-00','2019-06-28','2019-06-10 16:43:27','2019-06-10 16:43:27'),(52,10,'吉他高级课程',1888.00,0.00,899.00,'20190610/a172e0510dfa421a93f740a074447ca5.jpg','','<p>这个课真的是很nice,很好，很有意思<br/></p>',256,'幽默,风趣',1,0,0,0,0,'0000-00-00','2019-06-28','2019-06-10 16:43:27','2019-06-10 16:43:27'),(53,10,'吉他高级课程',1888.00,0.00,899.00,'20190610/a172e0510dfa421a93f740a074447ca5.jpg','','<p>这个课真的是很nice,很好，很有意思<br/></p>',256,'幽默,风趣',1,0,0,0,0,'0000-00-00','2019-06-28','2019-06-10 16:43:27','2019-06-10 16:43:27'),(54,10,'吉他高级课程',1888.00,0.00,899.00,'20190610/a172e0510dfa421a93f740a074447ca5.jpg','','<p>这个课真的是很nice,很好，很有意思<br/></p>',256,'幽默,风趣',1,0,0,0,0,'0000-00-00','2019-06-28','2019-06-10 16:43:28','2019-06-10 16:43:28'),(55,10,'吉他高级课程',1888.00,0.00,899.00,'20190610/a172e0510dfa421a93f740a074447ca5.jpg','','<p>这个课真的是很nice,很好，很有意思<br/></p>',256,'幽默,风趣',1,0,0,0,0,'0000-00-00','2019-06-28','2019-06-10 16:43:28','2019-06-10 16:43:28'),(56,10,'吉他高级课程',1888.00,0.00,899.00,'20190610/a172e0510dfa421a93f740a074447ca5.jpg','','<p>这个课真的是很nice,很好，很有意思<br/></p>',256,'幽默,风趣',1,0,0,0,0,'0000-00-00','2019-06-28','2019-06-10 16:43:29','2019-06-10 16:43:29'),(57,10,'吉他高级课程',1888.00,0.00,899.00,'20190610/a172e0510dfa421a93f740a074447ca5.jpg','','<p>这个课真的是很nice,很好，很有意思<br/></p>',256,'幽默,风趣',1,0,0,0,0,'0000-00-00','2019-06-28','2019-06-10 16:43:29','2019-06-10 16:43:29'),(58,10,'吉他高级课程',1888.00,0.00,899.00,'20190610/a172e0510dfa421a93f740a074447ca5.jpg','','<p>这个课真的是很nice,很好，很有意思<br/></p>',256,'幽默,风趣',1,0,0,0,0,'0000-00-00','2019-06-28','2019-06-10 16:43:29','2019-06-10 16:43:29'),(59,10,'吉他高级课程',1888.00,0.00,899.00,'20190610/a172e0510dfa421a93f740a074447ca5.jpg','','<p>这个课真的是很nice,很好，很有意思<br/></p>',256,'幽默,风趣',1,0,0,0,0,'0000-00-00','2019-06-28','2019-06-10 16:43:30','2019-06-10 16:43:30'),(60,10,'吉他高级课程',1888.00,0.00,899.00,'20190610/a172e0510dfa421a93f740a074447ca5.jpg','','<p>这个课真的是很nice,很好，很有意思<br/></p>',256,'幽默,风趣',1,0,0,0,0,'0000-00-00','2019-06-28','2019-06-10 16:43:30','2019-06-10 16:43:30'),(61,10,'吉他高级课程',1888.00,0.00,899.00,'20190610/a172e0510dfa421a93f740a074447ca5.jpg','','<p>这个课真的是很nice,很好，很有意思<br/></p>',256,'幽默,风趣',1,0,0,0,0,'0000-00-00','2019-06-28','2019-06-10 16:43:30','2019-06-10 16:43:30'),(62,10,'吉他高级课程',1888.00,0.00,899.00,'20190610/a172e0510dfa421a93f740a074447ca5.jpg','','<p>这个课真的是很nice,很好，很有意思<br/></p>',256,'幽默,风趣',1,0,0,0,0,'0000-00-00','2019-06-28','2019-06-10 16:43:31','2019-06-10 16:43:31'),(63,10,'吉他高级课程',1888.00,0.00,899.00,'20190610/a172e0510dfa421a93f740a074447ca5.jpg','','<p>这个课真的是很nice,很好，很有意思<br/></p>',256,'幽默,风趣',1,0,0,0,0,'0000-00-00','2019-06-28','2019-06-10 16:43:31','2019-06-10 16:43:31'),(64,10,'吉他高级课程',1888.00,0.00,899.00,'20190610/a172e0510dfa421a93f740a074447ca5.jpg','','<p>这个课真的是很nice,很好，很有意思<br/></p>',256,'幽默,风趣',1,0,0,0,0,'0000-00-00','2019-06-28','2019-06-10 16:43:31','2019-06-10 16:43:31'),(65,10,'吉他高级课程',1888.00,0.00,899.00,'20190610/a172e0510dfa421a93f740a074447ca5.jpg','','<p>这个课真的是很nice,很好，很有意思<br/></p>',256,'幽默,风趣',1,0,0,0,0,'0000-00-00','2019-06-28','2019-06-10 16:43:32','2019-06-10 16:43:32'),(66,10,'吉他高级课程',1888.00,0.00,899.00,'20190610/a172e0510dfa421a93f740a074447ca5.jpg','','<p>这个课真的是很nice,很好，很有意思<br/></p>',256,'幽默,风趣',1,0,0,0,0,'0000-00-00','2019-06-28','2019-06-10 16:43:41','2019-06-10 16:43:41'),(67,10,'吉他高级课程',1888.00,0.00,899.00,'20190610/a172e0510dfa421a93f740a074447ca5.jpg','','<p>这个课真的是很nice,很好，很有意思<br/></p>',256,'幽默,风趣',1,0,0,0,0,'0000-00-00','2019-06-28','2019-06-10 16:43:42','2019-06-10 16:43:42'),(68,10,'吉他高级课程',1888.00,0.00,899.00,'20190610/a172e0510dfa421a93f740a074447ca5.jpg','','<p>这个课真的是很nice,很好，很有意思<br/></p>',256,'幽默,风趣',1,0,0,0,0,'0000-00-00','2019-06-28','2019-06-10 16:43:42','2019-06-10 16:43:42'),(69,10,'吉他高级课程',1888.00,0.00,899.00,'20190610/a172e0510dfa421a93f740a074447ca5.jpg','','<p>这个课真的是很nice,很好，很有意思<br/></p>',256,'幽默,风趣',1,0,0,0,0,'0000-00-00','2019-06-28','2019-06-10 16:43:43','2019-06-10 16:43:43'),(70,10,'吉他高级课程',1888.00,0.00,899.00,'20190610/a172e0510dfa421a93f740a074447ca5.jpg','','<p>这个课真的是很nice,很好，很有意思<br/></p>',256,'幽默,风趣',1,0,0,0,0,'0000-00-00','2019-06-28','2019-06-10 16:43:43','2019-06-10 16:43:43'),(71,10,'吉他高级课程',1888.00,0.00,899.00,'20190610/a172e0510dfa421a93f740a074447ca5.jpg','','<p>这个课真的是很nice,很好，很有意思<br/></p>',256,'幽默,风趣',1,0,0,0,0,'0000-00-00','2019-06-28','2019-06-10 16:43:43','2019-06-10 16:43:43'),(72,10,'吉他高级课程',1888.00,0.00,899.00,'20190610/a172e0510dfa421a93f740a074447ca5.jpg','','<p>这个课真的是很nice,很好，很有意思<br/></p>',256,'幽默,风趣',1,0,0,0,0,'0000-00-00','2019-06-28','2019-06-10 16:43:44','2019-06-10 16:43:44'),(73,10,'吉他高级课程',1888.00,0.00,899.00,'20190610/a172e0510dfa421a93f740a074447ca5.jpg','','<p>这个课真的是很nice,很好，很有意思<br/></p>',256,'幽默,风趣',1,0,0,0,0,'0000-00-00','2019-06-28','2019-06-10 16:43:44','2019-06-10 16:43:44'),(74,10,'吉他高级课程',1888.00,0.00,899.00,'20190610/a172e0510dfa421a93f740a074447ca5.jpg','','<p>这个课真的是很nice,很好，很有意思<br/></p>',256,'幽默,风趣',1,0,0,0,0,'0000-00-00','2019-06-28','2019-06-10 16:43:44','2019-06-10 16:43:44'),(75,11,'钢琴中级教程',2880.00,0.00,1000.00,'20190610/78a0c3c026084d26b6f971f45fff81e2.jpg','','<h1>真的很好，nice的课程<br/></h1>',36,'nice,很骚',1,0,0,0,0,'0000-00-00','2019-06-22','2019-06-10 16:44:58','2019-06-10 16:44:58'),(76,11,'少儿钢琴',2888.00,0.00,2000.00,'20190610/a42ae5081c074a959e8604cced91606c.jpg','','<p><img src=\"http://127.0.0.1:8999/static/upload/20190610/e61b3f29fe3c484e9de7cd57cf4390bb.jpg\" alt=\"e61b3f29fe3c484e9de7cd57cf4390bb.jpg\" width=\"300\"/></p><p>这个课程很棒，老师很好<br/></p>',36,'150',1,0,0,0,0,'0000-00-00','2019-06-29','2019-06-10 16:46:18','2019-06-10 16:46:18'),(77,11,'少儿钢琴',2888.00,0.00,2000.00,'20190610/a42ae5081c074a959e8604cced91606c.jpg','','<p><img src=\"http://127.0.0.1:8999/static/upload/20190610/e61b3f29fe3c484e9de7cd57cf4390bb.jpg\" alt=\"e61b3f29fe3c484e9de7cd57cf4390bb.jpg\" width=\"300\"/></p><p>这个课程很棒，老师很好<br/></p>',36,'150',1,0,0,0,0,'0000-00-00','2019-06-29','2019-06-10 16:46:25','2019-06-10 16:46:25'),(78,11,'少儿钢琴',2888.00,0.00,2000.00,'20190610/a42ae5081c074a959e8604cced91606c.jpg','','<p><img src=\"http://127.0.0.1:8999/static/upload/20190610/e61b3f29fe3c484e9de7cd57cf4390bb.jpg\" alt=\"e61b3f29fe3c484e9de7cd57cf4390bb.jpg\" width=\"300\"/></p><p>这个课程很棒，老师很好<br/></p>',36,'150',1,0,0,0,0,'0000-00-00','2019-06-29','2019-06-10 16:46:25','2019-06-10 16:46:25'),(79,11,'少儿钢琴',2888.00,0.00,2000.00,'20190610/a42ae5081c074a959e8604cced91606c.jpg','','<p><img src=\"http://127.0.0.1:8999/static/upload/20190610/e61b3f29fe3c484e9de7cd57cf4390bb.jpg\" alt=\"e61b3f29fe3c484e9de7cd57cf4390bb.jpg\" width=\"300\"/></p><p>这个课程很棒，老师很好<br/></p>',36,'150',1,0,0,0,0,'0000-00-00','2019-06-29','2019-06-10 16:46:26','2019-06-10 16:46:26'),(80,11,'少儿钢琴',2888.00,0.00,2000.00,'20190610/a42ae5081c074a959e8604cced91606c.jpg','','<p><img src=\"http://127.0.0.1:8999/static/upload/20190610/e61b3f29fe3c484e9de7cd57cf4390bb.jpg\" alt=\"e61b3f29fe3c484e9de7cd57cf4390bb.jpg\" width=\"300\"/></p><p>这个课程很棒，老师很好<br/></p>',36,'150',1,0,0,0,0,'0000-00-00','2019-06-29','2019-06-10 16:46:26','2019-06-10 16:46:26'),(81,11,'少儿钢琴',2888.00,0.00,2000.00,'20190610/a42ae5081c074a959e8604cced91606c.jpg','','<p><img src=\"http://127.0.0.1:8999/static/upload/20190610/e61b3f29fe3c484e9de7cd57cf4390bb.jpg\" alt=\"e61b3f29fe3c484e9de7cd57cf4390bb.jpg\" width=\"300\"/></p><p>这个课程很棒，老师很好<br/></p>',36,'150',1,0,0,0,0,'0000-00-00','2019-06-29','2019-06-10 16:46:27','2019-06-10 16:46:27'),(82,11,'少儿钢琴',2888.00,0.00,2000.00,'20190610/a42ae5081c074a959e8604cced91606c.jpg','','<p><img src=\"http://127.0.0.1:8999/static/upload/20190610/e61b3f29fe3c484e9de7cd57cf4390bb.jpg\" alt=\"e61b3f29fe3c484e9de7cd57cf4390bb.jpg\" width=\"300\"/></p><p>这个课程很棒，老师很好<br/></p>',36,'150',1,0,0,0,0,'0000-00-00','2019-06-29','2019-06-10 16:46:27','2019-06-10 16:46:27'),(83,11,'少儿钢琴',2888.00,0.00,2000.00,'20190610/a42ae5081c074a959e8604cced91606c.jpg','','<p><img src=\"http://127.0.0.1:8999/static/upload/20190610/e61b3f29fe3c484e9de7cd57cf4390bb.jpg\" alt=\"e61b3f29fe3c484e9de7cd57cf4390bb.jpg\" width=\"300\"/></p><p>这个课程很棒，老师很好<br/></p>',36,'150',1,0,0,0,0,'0000-00-00','2019-06-29','2019-06-10 16:46:28','2019-06-10 16:46:28'),(84,11,'少儿钢琴',2888.00,0.00,2000.00,'20190610/a42ae5081c074a959e8604cced91606c.jpg','','<p><img src=\"http://127.0.0.1:8999/static/upload/20190610/e61b3f29fe3c484e9de7cd57cf4390bb.jpg\" alt=\"e61b3f29fe3c484e9de7cd57cf4390bb.jpg\" width=\"300\"/></p><p>这个课程很棒，老师很好<br/></p>',36,'150',1,0,0,0,0,'0000-00-00','2019-06-29','2019-06-10 16:46:28','2019-06-10 16:46:28'),(85,11,'少儿钢琴',2888.00,0.00,2000.00,'20190610/a42ae5081c074a959e8604cced91606c.jpg','','<p><img src=\"http://127.0.0.1:8999/static/upload/20190610/e61b3f29fe3c484e9de7cd57cf4390bb.jpg\" alt=\"e61b3f29fe3c484e9de7cd57cf4390bb.jpg\" width=\"300\"/></p><p>这个课程很棒，老师很好<br/></p>',36,'150',1,0,0,0,0,'0000-00-00','2019-06-29','2019-06-10 16:46:28','2019-06-10 16:46:28'),(86,11,'少儿钢琴',2888.00,0.00,2000.00,'20190610/a42ae5081c074a959e8604cced91606c.jpg','','<p><img src=\"http://127.0.0.1:8999/static/upload/20190610/e61b3f29fe3c484e9de7cd57cf4390bb.jpg\" alt=\"e61b3f29fe3c484e9de7cd57cf4390bb.jpg\" width=\"300\"/></p><p>这个课程很棒，老师很好<br/></p>',36,'150',1,0,0,0,0,'0000-00-00','2019-06-29','2019-06-10 16:46:29','2019-06-10 16:46:29'),(87,11,'少儿钢琴',2888.00,0.00,2000.00,'20190610/a42ae5081c074a959e8604cced91606c.jpg','','<p><img src=\"http://127.0.0.1:8999/static/upload/20190610/e61b3f29fe3c484e9de7cd57cf4390bb.jpg\" alt=\"e61b3f29fe3c484e9de7cd57cf4390bb.jpg\" width=\"300\"/></p><p>这个课程很棒，老师很好<br/></p>',36,'150',1,0,0,0,0,'0000-00-00','2019-06-29','2019-06-10 16:46:29','2019-06-10 16:46:29'),(88,11,'少儿钢琴',2888.00,0.00,2000.00,'20190610/a42ae5081c074a959e8604cced91606c.jpg','','<p><img src=\"http://127.0.0.1:8999/static/upload/20190610/e61b3f29fe3c484e9de7cd57cf4390bb.jpg\" alt=\"e61b3f29fe3c484e9de7cd57cf4390bb.jpg\" width=\"300\"/></p><p>这个课程很棒，老师很好<br/></p>',36,'150',1,0,0,0,0,'0000-00-00','2019-06-29','2019-06-10 16:46:29','2019-06-10 16:46:29'),(89,11,'少儿钢琴',2888.00,0.00,2000.00,'20190610/a42ae5081c074a959e8604cced91606c.jpg','<p><img src=\"http://127.0.0.1:8999/static/upload/20190610/e61b3f29fe3c484e9de7cd57cf4390bb.jpg\" alt=\"e61b3f29fe3c484e9de7cd57cf4390bb.jpg\" width=\"300\"/></p><p>这个课程很棒，老师很好<br/></p>','<p><img src=\"http://127.0.0.1:8999/static/upload/20190610/e61b3f29fe3c484e9de7cd57cf4390bb.jpg\" alt=\"e61b3f29fe3c484e9de7cd57cf4390bb.jpg\" width=\"300\"/></p><p>这个课程很棒，老师很好<br/></p>',36,'150',1,0,0,0,0,'0000-00-00','2019-06-29','2019-06-11 16:04:35','2019-06-10 16:46:30'),(90,11,'少儿钢琴',2888.00,0.00,2000.00,'20190610/a42ae5081c074a959e8604cced91606c.jpg','','<p><img src=\"http://127.0.0.1:8999/static/upload/20190610/e61b3f29fe3c484e9de7cd57cf4390bb.jpg\" alt=\"e61b3f29fe3c484e9de7cd57cf4390bb.jpg\" width=\"300\"/></p><p>这个课程很棒，老师很好<br/></p>',36,'150',1,0,0,0,0,'0000-00-00','2019-06-29','2019-06-10 16:46:30','2019-06-10 16:46:30'),(91,11,'少儿钢琴',2888.00,0.00,2000.00,'20190610/a42ae5081c074a959e8604cced91606c.jpg','','<p><img src=\"http://127.0.0.1:8999/static/upload/20190610/e61b3f29fe3c484e9de7cd57cf4390bb.jpg\" alt=\"e61b3f29fe3c484e9de7cd57cf4390bb.jpg\" width=\"300\"/></p><p>这个课程很棒，老师很好<br/></p>',36,'150',1,0,0,0,0,'0000-00-00','2019-06-29','2019-06-10 16:46:31','2019-06-10 16:46:31'),(92,11,'少儿钢琴',2888.00,0.00,2000.00,'20190610/a42ae5081c074a959e8604cced91606c.jpg','','<p><img src=\"http://127.0.0.1:8999/static/upload/20190610/e61b3f29fe3c484e9de7cd57cf4390bb.jpg\" alt=\"e61b3f29fe3c484e9de7cd57cf4390bb.jpg\" width=\"300\"/></p><p>这个课程很棒，老师很好<br/></p>',36,'150',1,0,0,0,0,'0000-00-00','2019-06-29','2019-06-10 16:46:31','2019-06-10 16:46:31'),(93,11,'少儿钢琴',2888.00,0.00,2000.00,'20190610/a42ae5081c074a959e8604cced91606c.jpg','','<p><img src=\"http://127.0.0.1:8999/static/upload/20190610/e61b3f29fe3c484e9de7cd57cf4390bb.jpg\" alt=\"e61b3f29fe3c484e9de7cd57cf4390bb.jpg\" width=\"300\"/></p><p>这个课程很棒，老师很好<br/></p>',36,'150',1,0,0,0,0,'0000-00-00','2019-06-29','2019-06-10 16:46:31','2019-06-10 16:46:31'),(94,11,'少儿钢琴',2888.00,0.00,2000.00,'20190610/a42ae5081c074a959e8604cced91606c.jpg','','<p><img src=\"http://127.0.0.1:8999/static/upload/20190610/e61b3f29fe3c484e9de7cd57cf4390bb.jpg\" alt=\"e61b3f29fe3c484e9de7cd57cf4390bb.jpg\" width=\"300\"/></p><p>这个课程很棒，老师很好<br/></p>',36,'150',1,0,0,0,0,'0000-00-00','2019-06-29','2019-06-10 16:46:32','2019-06-10 16:46:32'),(95,11,'少儿钢琴',2888.00,0.00,2000.00,'20190610/a42ae5081c074a959e8604cced91606c.jpg','','<p><img src=\"http://127.0.0.1:8999/static/upload/20190610/e61b3f29fe3c484e9de7cd57cf4390bb.jpg\" alt=\"e61b3f29fe3c484e9de7cd57cf4390bb.jpg\" width=\"300\"/></p><p>这个课程很棒，老师很好<br/></p>',36,'nice',1,0,0,0,0,'0000-00-00','2019-06-29','2019-06-10 17:00:10','2019-06-10 16:46:32'),(96,11,'少儿钢琴',2888.00,35.00,2000.00,'20190610/a42ae5081c074a959e8604cced91606c.jpg','<p><img src=\"http://127.0.0.1:8999/static/upload/20190610/e61b3f29fe3c484e9de7cd57cf4390bb.jpg\" alt=\"e61b3f29fe3c484e9de7cd57cf4390bb.jpg\" width=\"300\"/></p><p>这个课程很棒，老师很好<br/></p>','<p>看看是什么<br/></p>',36,'150',1,0,0,0,0,'2019-11-30','2019-06-29','2019-06-11 21:13:34','2019-06-10 16:46:42');

#
# Structure for table "food_cat"
#

DROP TABLE IF EXISTS `food_cat`;
CREATE TABLE `food_cat` (
  `id` int(11) unsigned NOT NULL AUTO_INCREMENT,
  `name` varchar(50) NOT NULL DEFAULT '' COMMENT '类别名称',
  `weight` tinyint(4) NOT NULL DEFAULT '1' COMMENT '权重',
  `status` tinyint(1) NOT NULL DEFAULT '1' COMMENT '状态 1：有效 0：无效',
  `updated_time` timestamp NOT NULL DEFAULT CURRENT_TIMESTAMP ON UPDATE CURRENT_TIMESTAMP COMMENT '最后一次更新时间',
  `created_time` timestamp NOT NULL DEFAULT '0000-00-00 00:00:00' COMMENT '插入时间',
  PRIMARY KEY (`id`),
  UNIQUE KEY `idx_name` (`id`)
) ENGINE=InnoDB AUTO_INCREMENT=12 DEFAULT CHARSET=utf8mb4 COMMENT='课程分类';

#
# Data for table "food_cat"
#

INSERT INTO `food_cat` VALUES (10,'吉他',5,1,'2019-04-13 21:22:21','2019-04-13 21:22:21'),(11,'钢琴',9,1,'2019-04-13 21:29:41','2019-04-13 21:29:41');

#
# Structure for table "food_stock_change_log"
#

DROP TABLE IF EXISTS `food_stock_change_log`;
CREATE TABLE `food_stock_change_log` (
  `id` int(11) unsigned NOT NULL AUTO_INCREMENT,
  `food_id` int(11) NOT NULL COMMENT '商品id',
  `unit` int(11) NOT NULL DEFAULT '0' COMMENT '变更多少',
  `total_stock` int(11) NOT NULL DEFAULT '0' COMMENT '变更之后总量',
  `note` varchar(100) NOT NULL DEFAULT '' COMMENT '备注字段',
  `created_time` timestamp NOT NULL DEFAULT CURRENT_TIMESTAMP COMMENT '插入时间',
  PRIMARY KEY (`id`),
  KEY `idx_food_id` (`food_id`)
) ENGINE=InnoDB AUTO_INCREMENT=151 DEFAULT CHARSET=utf8mb4 COMMENT='数据库存变更表';

#
# Data for table "food_stock_change_log"
#

INSERT INTO `food_stock_change_log` VALUES (1,4,10,10,'后台修改','2019-04-13 18:26:34'),(2,5,10,10,'后台修改','2019-04-13 18:30:10'),(3,6,10,10,'后台修改','2019-04-13 18:34:29'),(4,5,0,10,'后台修改','2019-04-13 21:43:55'),(5,5,0,10,'后台修改','2019-04-14 17:19:11'),(6,5,0,10,'后台修改','2019-04-26 20:21:20'),(7,5,0,10,'后台修改','2019-04-26 20:24:17'),(8,5,0,10,'后台修改','2019-04-26 20:26:07'),(9,7,20,20,'后台修改','2019-04-26 20:31:39'),(10,8,20,20,'后台修改','2019-04-26 20:44:17'),(11,9,20,20,'后台修改','2019-04-26 20:44:39'),(12,10,20,20,'后台修改','2019-04-26 20:44:39'),(13,11,20,20,'后台修改','2019-04-26 20:44:40'),(14,12,20,20,'后台修改','2019-04-26 20:44:40'),(15,13,20,20,'后台修改','2019-04-26 20:44:40'),(16,14,20,20,'后台修改','2019-04-26 20:44:41'),(17,15,20,20,'后台修改','2019-04-26 20:44:41'),(18,16,20,20,'后台修改','2019-04-26 20:44:41'),(19,17,20,20,'后台修改','2019-04-26 20:44:42'),(20,18,20,20,'后台修改','2019-04-26 20:44:43'),(21,19,20,20,'后台修改','2019-04-26 20:44:43'),(22,20,20,20,'后台修改','2019-04-26 20:44:44'),(23,21,20,20,'后台修改','2019-04-26 20:44:44'),(24,22,20,20,'后台修改','2019-04-26 20:44:44'),(25,23,20,20,'后台修改','2019-04-26 20:44:45'),(26,24,20,20,'后台修改','2019-04-26 20:44:45'),(27,25,20,20,'后台修改','2019-04-26 20:44:45'),(28,26,20,20,'后台修改','2019-04-26 20:44:46'),(29,27,20,20,'后台修改','2019-04-26 20:44:46'),(30,28,20,20,'后台修改','2019-04-26 20:44:54'),(31,29,20,20,'后台修改','2019-04-26 20:44:54'),(32,30,20,20,'后台修改','2019-04-26 20:44:55'),(33,31,20,20,'后台修改','2019-04-26 20:44:55'),(34,32,20,20,'后台修改','2019-04-26 20:44:55'),(35,33,20,20,'后台修改','2019-04-26 20:44:56'),(36,34,20,20,'后台修改','2019-04-26 20:44:56'),(37,35,20,20,'后台修改','2019-04-26 20:44:56'),(38,36,20,20,'后台修改','2019-04-26 20:44:56'),(39,37,20,20,'后台修改','2019-04-26 20:50:14'),(40,36,-1,19,'后台修改','2019-04-28 17:16:39'),(41,37,0,20,'后台修改','2019-04-28 22:46:58'),(42,37,0,20,'后台修改','2019-04-28 22:57:22'),(43,37,0,20,'后台修改','2019-04-28 22:57:40'),(44,37,0,20,'后台修改','2019-04-28 22:58:26'),(45,37,0,20,'后台修改','2019-04-28 23:04:52'),(46,37,0,20,'后台修改','2019-04-28 23:13:59'),(47,37,0,20,'后台修改','2019-06-10 11:00:48'),(48,37,0,20,'后台修改','2019-06-10 11:03:11'),(49,37,0,20,'后台修改','2019-06-10 11:06:27'),(50,37,0,20,'后台修改','2019-06-10 11:07:13'),(51,37,0,20,'后台修改','2019-06-10 11:09:27'),(52,37,0,20,'后台修改','2019-06-10 11:15:16'),(53,37,0,20,'后台修改','2019-06-10 11:17:39'),(54,37,0,20,'后台修改','2019-06-10 11:21:01'),(55,37,0,20,'后台修改','2019-06-10 11:21:54'),(56,37,0,20,'后台修改','2019-06-10 11:22:37'),(57,37,0,20,'后台修改','2019-06-10 11:22:38'),(58,37,0,20,'后台修改','2019-06-10 11:36:20'),(59,38,36,36,'后台修改','2019-06-10 11:44:25'),(60,39,120,120,'后台修改','2019-06-10 11:47:46'),(61,39,0,120,'后台修改','2019-06-10 11:49:33'),(62,39,0,120,'后台修改','2019-06-10 11:49:50'),(63,40,200,200,'后台修改','2019-06-10 12:02:00'),(64,39,0,120,'后台修改','2019-06-10 15:37:48'),(65,40,0,200,'后台修改','2019-06-10 16:40:12'),(66,40,0,200,'后台修改','2019-06-10 16:40:59'),(67,40,0,200,'后台修改','2019-06-10 16:41:00'),(68,40,0,200,'后台修改','2019-06-10 16:41:00'),(69,40,0,200,'后台修改','2019-06-10 16:41:00'),(70,40,0,200,'后台修改','2019-06-10 16:41:01'),(71,40,0,200,'后台修改','2019-06-10 16:41:01'),(72,40,0,200,'后台修改','2019-06-10 16:41:02'),(73,40,0,200,'后台修改','2019-06-10 16:41:02'),(74,40,0,200,'后台修改','2019-06-10 16:41:02'),(75,40,0,200,'后台修改','2019-06-10 16:41:03'),(76,40,0,200,'后台修改','2019-06-10 16:41:03'),(77,40,0,200,'后台修改','2019-06-10 16:41:03'),(78,40,0,200,'后台修改','2019-06-10 16:41:04'),(79,40,0,200,'后台修改','2019-06-10 16:41:04'),(80,40,0,200,'后台修改','2019-06-10 16:41:04'),(81,40,0,200,'后台修改','2019-06-10 16:41:05'),(82,40,0,200,'后台修改','2019-06-10 16:41:05'),(83,41,256,256,'后台修改','2019-06-10 16:42:56'),(84,42,256,256,'后台修改','2019-06-10 16:43:16'),(85,43,256,256,'后台修改','2019-06-10 16:43:16'),(86,44,256,256,'后台修改','2019-06-10 16:43:16'),(87,45,256,256,'后台修改','2019-06-10 16:43:17'),(88,46,256,256,'后台修改','2019-06-10 16:43:17'),(89,47,256,256,'后台修改','2019-06-10 16:43:18'),(90,48,256,256,'后台修改','2019-06-10 16:43:18'),(91,49,256,256,'后台修改','2019-06-10 16:43:26'),(92,50,256,256,'后台修改','2019-06-10 16:43:26'),(93,51,256,256,'后台修改','2019-06-10 16:43:27'),(94,52,256,256,'后台修改','2019-06-10 16:43:27'),(95,53,256,256,'后台修改','2019-06-10 16:43:28'),(96,54,256,256,'后台修改','2019-06-10 16:43:28'),(97,55,256,256,'后台修改','2019-06-10 16:43:28'),(98,56,256,256,'后台修改','2019-06-10 16:43:29'),(99,57,256,256,'后台修改','2019-06-10 16:43:29'),(100,58,256,256,'后台修改','2019-06-10 16:43:29'),(101,59,256,256,'后台修改','2019-06-10 16:43:30'),(102,60,256,256,'后台修改','2019-06-10 16:43:30'),(103,61,256,256,'后台修改','2019-06-10 16:43:30'),(104,62,256,256,'后台修改','2019-06-10 16:43:31'),(105,63,256,256,'后台修改','2019-06-10 16:43:31'),(106,64,256,256,'后台修改','2019-06-10 16:43:31'),(107,65,256,256,'后台修改','2019-06-10 16:43:32'),(108,66,256,256,'后台修改','2019-06-10 16:43:41'),(109,67,256,256,'后台修改','2019-06-10 16:43:42'),(110,68,256,256,'后台修改','2019-06-10 16:43:42'),(111,69,256,256,'后台修改','2019-06-10 16:43:43'),(112,70,256,256,'后台修改','2019-06-10 16:43:43'),(113,71,256,256,'后台修改','2019-06-10 16:43:43'),(114,72,256,256,'后台修改','2019-06-10 16:43:44'),(115,73,256,256,'后台修改','2019-06-10 16:43:44'),(116,74,256,256,'后台修改','2019-06-10 16:43:44'),(117,75,36,36,'后台修改','2019-06-10 16:44:58'),(118,76,36,36,'后台修改','2019-06-10 16:46:18'),(119,77,36,36,'后台修改','2019-06-10 16:46:25'),(120,78,36,36,'后台修改','2019-06-10 16:46:25'),(121,79,36,36,'后台修改','2019-06-10 16:46:26'),(122,80,36,36,'后台修改','2019-06-10 16:46:26'),(123,81,36,36,'后台修改','2019-06-10 16:46:27'),(124,82,36,36,'后台修改','2019-06-10 16:46:27'),(125,83,36,36,'后台修改','2019-06-10 16:46:28'),(126,84,36,36,'后台修改','2019-06-10 16:46:28'),(127,85,36,36,'后台修改','2019-06-10 16:46:28'),(128,86,36,36,'后台修改','2019-06-10 16:46:29'),(129,87,36,36,'后台修改','2019-06-10 16:46:29'),(130,88,36,36,'后台修改','2019-06-10 16:46:30'),(131,89,36,36,'后台修改','2019-06-10 16:46:30'),(132,90,36,36,'后台修改','2019-06-10 16:46:30'),(133,91,36,36,'后台修改','2019-06-10 16:46:31'),(134,92,36,36,'后台修改','2019-06-10 16:46:31'),(135,93,36,36,'后台修改','2019-06-10 16:46:31'),(136,94,36,36,'后台修改','2019-06-10 16:46:32'),(137,95,36,36,'后台修改','2019-06-10 16:46:32'),(138,96,36,36,'后台修改','2019-06-10 16:46:42'),(139,95,0,36,'后台修改','2019-06-10 17:00:10'),(140,40,0,200,'后台修改','2019-06-10 17:42:06'),(141,96,0,36,'后台修改','2019-06-10 17:43:32'),(142,96,0,36,'后台修改','2019-06-10 17:44:55'),(143,96,0,36,'后台修改','2019-06-10 17:48:21'),(144,96,0,36,'后台修改','2019-06-10 18:34:35'),(145,96,0,36,'后台修改','2019-06-11 17:13:29'),(146,96,0,36,'后台修改','2019-06-11 17:14:39'),(147,96,0,36,'后台修改','2019-06-11 17:28:16'),(148,96,0,36,'后台修改','2019-06-11 17:28:53'),(149,96,0,36,'后台修改','2019-06-11 17:42:57'),(150,96,0,36,'后台修改','2019-06-11 21:13:34');

#
# Structure for table "images"
#

DROP TABLE IF EXISTS `images`;
CREATE TABLE `images` (
  `id` int(11) unsigned NOT NULL AUTO_INCREMENT,
  `file_key` varchar(60) NOT NULL DEFAULT '' COMMENT '文件名',
  `created_time` timestamp NOT NULL DEFAULT CURRENT_TIMESTAMP COMMENT '插入时间',
  PRIMARY KEY (`id`)
) ENGINE=InnoDB AUTO_INCREMENT=33 DEFAULT CHARSET=utf8mb4;

#
# Data for table "images"
#

INSERT INTO `images` VALUES (18,'20190413/6e7b898ff71141cba2a8948aa53f7648.png','2019-04-13 18:06:51'),(19,'20190413/04348a76bdef4412b64381d9333043b1.png','2019-04-13 18:07:22'),(20,'20190413/05f524c45c5040f1bafff1ace2298201.png','2019-04-13 18:24:44'),(21,'20190413/f99d16b7780a49ce8d51d826e6cf4a02.png','2019-04-13 18:26:17'),(22,'20190413/1affaa0d0dc1423aa6ad88cc0e15e878.png','2019-04-13 21:43:30'),(23,'20190414/e46d92c531d845b8b2288dc88d704b7d.png','2019-04-14 17:18:47'),(24,'20190426/3985382dac5145dbb436406692c847c9.jpg','2019-04-26 20:23:34'),(25,'20190426/c079ea67ab2e48a7944e5defbb06aea3.jpg','2019-04-26 20:26:56'),(26,'20190426/d66ff378ab76498da33ea036c78f6aa8.jpg','2019-04-26 20:31:14'),(27,'20190610/e61b3f29fe3c484e9de7cd57cf4390bb.jpg','2019-06-10 11:42:22'),(28,'20190610/1febebed188049e6a5b1d8d24f4a2d56.jpg','2019-06-10 11:44:56'),(29,'20190610/978ff9707b564160bfdfc3c6b0aa54fc.jpg','2019-06-10 12:00:56'),(30,'20190610/a172e0510dfa421a93f740a074447ca5.jpg','2019-06-10 16:42:17'),(31,'20190610/78a0c3c026084d26b6f971f45fff81e2.jpg','2019-06-10 16:44:24'),(32,'20190610/a42ae5081c074a959e8604cced91606c.jpg','2019-06-10 16:45:46');

#
# Structure for table "member"
#

DROP TABLE IF EXISTS `member`;
CREATE TABLE `member` (
  `id` int(11) unsigned NOT NULL AUTO_INCREMENT,
  `nickname` varchar(100) NOT NULL DEFAULT '' COMMENT '会员名',
  `mobile` varchar(11) NOT NULL DEFAULT '' COMMENT '会员手机号码',
  `sex` tinyint(1) NOT NULL DEFAULT '0' COMMENT '性别 1：男 2：女',
  `avatar` varchar(200) NOT NULL DEFAULT '' COMMENT '会员头像',
  `salt` varchar(32) NOT NULL DEFAULT '' COMMENT '随机salt',
  `reg_ip` varchar(100) NOT NULL DEFAULT '' COMMENT '注册ip',
  `status` tinyint(1) NOT NULL DEFAULT '1' COMMENT '状态 1：有效 0：无效',
  `updated_time` timestamp NOT NULL DEFAULT CURRENT_TIMESTAMP ON UPDATE CURRENT_TIMESTAMP COMMENT '最后一次更新时间',
  `created_time` timestamp NOT NULL DEFAULT '0000-00-00 00:00:00' COMMENT '插入时间',
  PRIMARY KEY (`id`)
) ENGINE=InnoDB AUTO_INCREMENT=2 DEFAULT CHARSET=utf8mb4 COMMENT='会员表';

#
# Data for table "member"
#

INSERT INTO `member` VALUES (1,'哈哈','',1,'https://wx.qlogo.cn/mmopen/vi_32/Q0j4TwGTfTJibQjc4u6xDfA6DMe9AvgWCgDzBaZ7X0ZDwMAOO4J9VOzBJicK2e9e94r9GibswuTA0Rl6hv0c4sqZg/132','vjNc2wM9aH4y72cp','',1,'2019-04-08 22:33:59','2019-04-08 20:22:39');

#
# Structure for table "oauth_member_bind"
#

DROP TABLE IF EXISTS `oauth_member_bind`;
CREATE TABLE `oauth_member_bind` (
  `id` int(11) unsigned NOT NULL AUTO_INCREMENT,
  `member_id` int(11) NOT NULL DEFAULT '0' COMMENT '会员id',
  `client_type` varchar(20) NOT NULL DEFAULT '' COMMENT '客户端来源类型。qq,weibo,weixin',
  `type` tinyint(3) NOT NULL DEFAULT '0' COMMENT '类型 type 1:wechat ',
  `openid` varchar(80) NOT NULL DEFAULT '' COMMENT '第三方id',
  `unionid` varchar(100) NOT NULL DEFAULT '',
  `extra` text NOT NULL COMMENT '额外字段',
  `updated_time` timestamp NOT NULL DEFAULT CURRENT_TIMESTAMP ON UPDATE CURRENT_TIMESTAMP COMMENT '最后更新时间',
  `created_time` timestamp NOT NULL DEFAULT '0000-00-00 00:00:00' COMMENT '插入时间',
  PRIMARY KEY (`id`),
  KEY `idx_type_openid` (`type`,`openid`)
) ENGINE=InnoDB AUTO_INCREMENT=2 DEFAULT CHARSET=utf8mb4 COMMENT='第三方登录绑定关系';

#
# Data for table "oauth_member_bind"
#

INSERT INTO `oauth_member_bind` VALUES (1,1,'',1,'oVSQF5iJATQMwzqDQDuoS4hWZjQQ','','','2019-04-08 20:22:39','2019-04-08 20:22:39');

#
# Structure for table "share_item"
#

DROP TABLE IF EXISTS `share_item`;
CREATE TABLE `share_item` (
  `id` int(11) unsigned NOT NULL AUTO_INCREMENT,
  `member_id` bigint(11) NOT NULL DEFAULT '0' COMMENT '会员id',
  `parent_id` bigint(11) NOT NULL DEFAULT '0' COMMENT '父id',
  `tree` varchar(10000) NOT NULL DEFAULT '/' COMMENT '关系树',
  `money` decimal(10,2) NOT NULL DEFAULT '0.00' COMMENT '售卖金额',
  `level` int(11) NOT NULL DEFAULT '0' COMMENT '会员等级',
  `CREATE_TIME` timestamp NOT NULL DEFAULT CURRENT_TIMESTAMP COMMENT '创建时间',
  `UPDATE_TIME` datetime NOT NULL COMMENT '更新时间',
  PRIMARY KEY (`id`),
  KEY `tree_id` (`tree`(191)),
  KEY `user_id` (`member_id`)
) ENGINE=InnoDB DEFAULT CHARSET=utf8mb4 COMMENT='分销树';

#
# Data for table "share_item"
#


#
# Structure for table "user"
#

DROP TABLE IF EXISTS `user`;
CREATE TABLE `user` (
  `uid` bigint(20) NOT NULL AUTO_INCREMENT COMMENT '用户uid',
  `nickname` varchar(100) NOT NULL DEFAULT '' COMMENT '用户名',
  `mobile` varchar(20) NOT NULL DEFAULT '' COMMENT '手机号码',
  `email` varchar(100) NOT NULL DEFAULT '' COMMENT '邮箱地址',
  `sex` tinyint(1) NOT NULL DEFAULT '0' COMMENT '1：男 2：女 0：没填写',
  `avatar` varchar(64) NOT NULL DEFAULT '' COMMENT '头像',
  `login_name` varchar(20) NOT NULL DEFAULT '' COMMENT '登录用户名',
  `login_pwd` varchar(32) NOT NULL DEFAULT '' COMMENT '登录密码',
  `login_salt` varchar(32) NOT NULL DEFAULT '' COMMENT '登录密码的随机加密秘钥',
  `status` tinyint(1) NOT NULL DEFAULT '1' COMMENT '1：有效 0：无效',
  `created_time` timestamp NOT NULL DEFAULT CURRENT_TIMESTAMP COMMENT '插入时间',
  `updated_time` timestamp NOT NULL DEFAULT '0000-00-00 00:00:00' COMMENT '最后一次更新时间',
  PRIMARY KEY (`uid`),
  UNIQUE KEY `login_name` (`login_name`)
) ENGINE=InnoDB AUTO_INCREMENT=5 DEFAULT CHARSET=utf8mb4 COMMENT='用户表（管理员）';

#
# Data for table "user"
#

INSERT INTO `user` VALUES (1,'秦俭','11012345679','1677262135@qq.com',1,'','54php.cn','816440c40b7a9d55ff9eb7b20760862c','cF3JfH5FJfQ8B2Ba',1,'2017-03-15 14:08:48','2019-04-05 17:32:18'),(2,'qinjian','17693161291','17693161291@163.com',0,'','qinjian','1c846b817297939155992342ae071179','jmAovMjl5KotaJuK',0,'2019-04-05 18:26:25','2019-06-10 16:20:46'),(3,'tangyan','12313131','12321321231@qq.com',0,'','admin','42d5f3715aa5e7e42eb702fb4424c461','JvQLm4feI1v3J7MV',0,'2019-04-05 18:28:29','2019-06-10 16:20:50'),(4,'test','17693161291','qinj14@lzu.edu.cn',0,'','admin888','3183a832b9ba933f01c28356505edd92','9s6zhmrHIg3rF7oU',1,'2019-06-10 16:20:02','2019-06-10 16:20:02');

#
# Trigger "update_stu_update"
#

DROP TRIGGER IF EXISTS `update_stu_update`;
CREATE DEFINER='root'@'localhost' TRIGGER `wxapp`.`update_stu_update` BEFORE UPDATE ON `wxapp`.`share_item`
  FOR EACH ROW SET NEW.`UPDATE_TIME` = NOW()
;

#
# Trigger "update_time_at"
#

DROP TRIGGER IF EXISTS `update_time_at`;
CREATE DEFINER='root'@'localhost' TRIGGER `wxapp`.`update_time_at` BEFORE UPDATE ON `wxapp`.`user`
  FOR EACH ROW SET NEW.updated_time = now();
